Name,Sequence,Activity,IC50,ToxicityClass,Solubility,BindingScore,ClassLabel,DockingScore
Pep_001,EAKIIFEVDWQCADHIT,53.561,3.246,Medium,1.159,31.944,Inactive,-2.823
Pep_002,IRWKAGQMKFHME,66.514,2.743,Medium,1.143,39.304,Inactive,-3.477
Pep_003,CRVEPDVLYNWHDCILDIE,51.331,3.619,Low,1.268,32.056,Inactive,-2.821
Pep_004,HKDYGVIGRPKV,63.837,2.95,Medium,1.157,38.455,Inactive,-3.396
Pep_005,CMPKDHWMHSPRFKFIVVKW,62.974,2.945,Medium,0.907,42.412,Inactive,-3.708
Pep_006,TSDCEFGQY,47.266,3.865,Low,1.553,28.731,Inactive,-2.535
Pep_007,AEVKMELQGRAKTGT,63.175,2.691,Medium,1.187,40.389,Inactive,-3.547
Pep_008,HFNGVTAYMSAENLIC,59.348,3.227,Medium,1.244,37.669,Inactive,-3.31
Pep_009,DVFFSVGKTYQHVHLPNRTR,59.951,3.076,Low,1.213,39.018,Inactive,-3.421
Pep_010,WIADCIDCMD,52.486,3.419,Medium,1.063,32.067,Inactive,-2.828
Pep_011,WWSISQHEEQNQQRCECP,45.376,3.7,Low,1.53,29.473,Inactive,-2.585
Pep_012,RFQGKRIDRVECVAD,61.284,2.807,Low,1.324,38.892,Inactive,-3.418
Pep_013,PCGPAPKRLQ,64.0,2.583,High,1.071,37.036,Inactive,-3.283
Pep_014,FHLHCWVCMCCWST,62.229,2.803,Low,1.289,38.651,Inactive,-3.403
Pep_015,GDYDIPEWIWYCYDQWWTMK,58.6,3.3,Low,1.155,38.089,Inactive,-3.34
Pep_016,LRMDARYWEDVHTKFND,56.15,3.107,Low,1.387,36.86,Inactive,-3.23
Pep_017,LYTAVLEFKEEVFKLYHM,61.945,3.11,Medium,1.112,39.897,Inactive,-3.501
Pep_018,CDQKCAMFKGRVQVAEDFVC,59.16,2.872,Low,1.234,37.773,Inactive,-3.318
Pep_019,NCNHIENVQYF,51.606,3.438,Low,1.479,33.264,Inactive,-2.919
Pep_020,QAGMQIKGE,60.043,3.026,Medium,1.06,36.309,Inactive,-3.205
Pep_021,NLIIAHPMKDKNTP,58.023,2.841,Medium,1.167,35.98,Inactive,-3.169
Pep_022,GWKCEYQNMQY,52.025,3.453,Low,1.428,31.403,Inactive,-2.772
Pep_023,QATVHNQ,54.439,3.401,Low,1.414,33.461,Inactive,-2.949
Pep_024,ELTLQMPLVFHQPGYWLPVA,67.616,2.759,Medium,0.909,40.752,Inactive,-3.598
Pep_025,RRRHTSGDLTYM,58.24,3.295,Low,1.472,36.523,Inactive,-3.213
Pep_026,HFACISYDRQWHPSPIFAE,60.375,2.878,Medium,1.191,36.267,Inactive,-3.203
Pep_027,CVIERFRTVYMRYT,50.358,3.72,Low,1.261,31.524,Inactive,-2.774
Pep_028,SRKIKTSIKRDLIKMMVDFF,60.992,3.18,Low,1.206,37.989,Inactive,-3.344
Pep_029,MVRQCHQPWAWPS,66.33,2.719,Medium,1.091,38.266,Inactive,-3.393
Pep_030,QVVYISIKQSAPMPGRFYVA,68.649,2.511,Medium,0.997,42.423,Active,-3.737
Pep_031,FRGCKPMHRMMPK,66.995,2.404,Medium,1.107,41.262,Inactive,-3.636
Pep_032,VCNIDCA,54.473,3.273,Low,1.304,32.725,Inactive,-2.89
Pep_033,SEWHRKNGY,47.997,3.595,Low,1.564,30.529,Inactive,-2.682
Pep_034,EWALWPPHDWI,74.049,2.585,Medium,0.879,43.395,Active,-3.842
Pep_035,WCNVQNDT,45.713,3.918,Low,1.385,28.328,Inactive,-2.495
Pep_036,NRFQGTKYVSRQW,54.632,3.586,Low,1.372,33.227,Inactive,-2.931
Pep_037,IRWYPMASMGSHNK,59.462,3.288,Medium,1.122,35.745,Inactive,-3.157
Pep_038,THDIQSV,48.95,3.448,Low,1.393,28.427,Inactive,-2.519
Pep_039,ADLIPILWNSVTNQVMNRK,59.717,3.116,Medium,1.118,36.544,Inactive,-3.222
Pep_040,VGHHSKWTYLEHLINGLA,61.537,2.85,Medium,1.17,38.495,Inactive,-3.387
Pep_041,FSEAWLSSRMG,64.144,2.782,Medium,1.095,38.44,Inactive,-3.396
Pep_042,PSDWCFFW,67.827,2.634,Medium,0.895,41.945,Inactive,-3.695
Pep_043,YYYITPRRLWQLW,59.403,2.888,Medium,1.116,33.738,Inactive,-2.996
Pep_044,HKDGIGVDGA,59.35,3.158,High,1.032,35.976,Inactive,-3.175
Pep_045,LRDIKWHQEVI,55.157,3.001,Medium,1.222,33.266,Inactive,-2.937
Pep_046,LYWLRERLP,68.197,2.577,Medium,1.021,40.922,Active,-3.615
Pep_047,QMYKADI,62.113,2.83,Low,1.076,35.847,Inactive,-3.178
Pep_048,KWCGSTRKGWQSDSNQMME,53.523,3.258,Low,1.359,33.042,Inactive,-2.911
Pep_049,VCRDMKMEPTAVR,56.423,3.24,Medium,1.147,36.087,Inactive,-3.169
Pep_050,RCHKVFLRSEAYIGLVA,62.273,2.869,Medium,1.263,38.55,Inactive,-3.395
Pep_051,EFSLTKQSSIRVFP,58.908,3.245,Low,1.228,35.671,Inactive,-3.148
Pep_052,KQMTKALL,64.064,2.641,Medium,1.1,36.498,Inactive,-3.24
Pep_053,VSNMVVPRMHIWPI,72.335,2.367,High,0.856,45.187,Active,-3.977
Pep_054,PPFSCFTWMERETRAFQFD,51.177,3.593,Medium,1.085,33.968,Inactive,-2.973
Pep_055,DMVPMSVCYDILIDQEE,48.905,3.761,Medium,1.215,30.722,Inactive,-2.702
Pep_056,CLNNQFITQWGGGDYPYIS,59.213,2.996,Medium,1.103,37.397,Inactive,-3.288
Pep_057,ARLVGDRNWLQ,61.422,2.776,Medium,1.009,41.275,Inactive,-3.609
Pep_058,SEIPWNWLLAPKAWCYSLIY,65.476,2.649,Medium,1.007,41.753,Inactive,-3.668
Pep_059,FECLRCWNFDLMQGHFVNT,56.66,3.175,Medium,1.235,37.807,Inactive,-3.308
Pep_060,LMERDFIPVNDPAK,58.211,3.055,Medium,1.019,34.409,Inactive,-3.044
Pep_061,PNEISAYVMYIDRLQE,59.444,3.307,Low,1.195,38.085,Inactive,-3.344
Pep_062,IVFPRNVQ,62.503,2.754,High,1.064,36.394,Inactive,-3.224
Pep_063,SYQKCNHRRINENVNCPKHE,51.759,3.39,Low,1.641,33.434,Inactive,-2.934
Pep_064,YACMIFWHDVHWHIMFY,73.401,2.458,High,0.999,45.581,Active,-4.013
Pep_065,GEAFANIWMAG,72.395,2.564,Medium,0.702,43.897,Active,-3.874
Pep_066,SRNTWERT,45.612,4.15,Low,1.591,25.272,Inactive,-2.25
Pep_067,TLRACSPQESRDDMYFD,51.652,3.634,Low,1.308,31.621,Inactive,-2.788
Pep_068,YTLRTYQEEVHQR,48.134,3.639,Low,1.602,28.887,Inactive,-2.552
Pep_069,EMQMKNFSDDDDQENFVC,42.313,4.154,Low,1.408,27.734,Inactive,-2.43
Pep_070,QCLYLNEWTHFS,53.231,3.452,Low,1.359,31.804,Inactive,-2.81
Pep_071,KWIQVYYVAYKAGKLMNAG,68.652,2.48,Medium,0.992,43.023,Active,-3.785
Pep_072,ADTHPQRMGNLMWYDCF,60.934,3.128,Medium,1.142,37.113,Inactive,-3.274
Pep_073,QSYRQKHTENQELWSTL,48.77,3.733,Low,1.543,30.757,Inactive,-2.704
Pep_074,HFKLMEASQGF,60.13,3.153,Medium,0.94,36.522,Inactive,-3.222
Pep_075,NDPCQARDMWQWPQLEPAM,62.224,3.214,Medium,1.012,39.357,Inactive,-3.46
Pep_076,DQEIQWPTDPLM,56.26,3.456,Medium,1.242,35.15,Inactive,-3.093
Pep_077,THNNFIEFKHGYFDG,61.689,2.854,Low,1.145,38.348,Inactive,-3.376
Pep_078,RWYMMFRDSRLKWCNT,61.108,3.021,Low,1.334,38.09,Inactive,-3.353
Pep_079,DDYYTPRWVCR,54.377,3.205,Low,1.427,34.576,Inactive,-3.038
Pep_080,FCREMDTGCIRRTTY,51.905,3.59,Low,1.419,33.459,Inactive,-2.936
Pep_081,YCMDMEVPLKYF,57.516,3.301,Medium,1.153,35.952,Inactive,-3.164
Pep_082,PFYDLVPMFTDQTNANL,60.06,3.091,Medium,1.171,36.975,Inactive,-3.258
Pep_083,FFDLETVTCM,60.069,2.851,Medium,1.092,35.975,Inactive,-3.178
Pep_084,YGRCQNIRY,50.137,3.833,Low,1.385,30.858,Inactive,-2.719
Pep_085,SHNWRRLPTTQ,58.495,3.019,Low,1.448,35.008,Inactive,-3.093
Pep_086,CSNVETELDGK,42.217,4.32,Low,1.474,25.715,Inactive,-2.268
Pep_087,RNAQCPTNIP,57.706,3.114,Low,1.459,35.417,Inactive,-3.122
Pep_088,MFFCLSFSRYADAKHFVYTQ,62.244,2.971,Low,1.156,39.428,Inactive,-3.465
Pep_089,YRDESYVATWIFL,54.644,3.383,Medium,1.15,34.783,Inactive,-3.056
Pep_090,DTNDTVTTVAPSCPNKA,49.83,3.656,Low,1.365,33.058,Inactive,-2.894
Pep_091,WMFCNVMG,73.455,2.251,Medium,0.879,43.653,Active,-3.86
Pep_092,FDRCLHCHC,49.742,3.737,Low,1.391,31.407,Inactive,-2.761
Pep_093,KCHLNCMKENQPRP,51.119,3.603,Low,1.419,30.765,Inactive,-2.717
Pep_094,TKDQDQYGVLMEDMLLRYQ,53.625,3.497,Low,1.207,34.53,Inactive,-3.031
Pep_095,YQKCDPNTGAFY,51.593,3.344,Low,1.357,32.299,Inactive,-2.842
Pep_096,NNPWCYFRNNRDWFTNP,54.281,3.428,Low,1.301,33.971,Inactive,-2.989
Pep_097,STPVEKKRH,54.126,3.323,Low,1.593,32.102,Inactive,-2.839
Pep_098,FDRGRDMN,53.672,3.17,Low,1.285,33.229,Inactive,-2.927
Pep_099,GNTIEHFIS,60.538,3.005,Low,1.131,37.918,Inactive,-3.336
Pep_100,FYDDLPSTQQWDFMD,48.159,3.808,Low,1.153,32.052,Inactive,-2.805
Pep_101,VWGFQTCETFLGGMINTLD,61.352,3.147,Medium,1.002,38.256,Inactive,-3.367
Pep_102,YVDTGWWFGYY,60.347,3.273,Medium,1.117,37.213,Inactive,-3.279
Pep_103,CWKHWQYA,55.911,3.222,Low,1.194,36.299,Inactive,-3.183
Pep_104,IPLRDCGRQSRHMY,59.767,3.246,Low,1.248,39.732,Inactive,-3.477
Pep_105,PFNTVEMIREKR,57.101,3.22,Low,1.241,35.967,Inactive,-3.163
Pep_106,QIGMWMHGSTRSLSAD,62.976,2.798,Medium,1.207,38.767,Inactive,-3.416
Pep_107,CCLSYSLVAEQF,57.994,2.941,Low,1.243,34.39,Inactive,-3.041
Pep_108,CWVHNVLDPTRVK,61.68,2.732,Medium,1.176,37.353,Inactive,-3.297
Pep_109,PNMVNFHY,58.723,3.055,Medium,1.149,35.427,Inactive,-3.128
Pep_110,STRFYTFMYMGP,67.244,2.662,Medium,1.072,41.75,Inactive,-3.676
Pep_111,TVSWLSANMEQWLAYSKWWI,61.84,2.715,Medium,1.097,40.227,Inactive,-3.527
Pep_112,PFICWEHARMQFQHQT,60.242,2.655,Low,1.286,36.054,Inactive,-3.186
Pep_113,FTHVMST,52.91,3.665,Low,1.145,32.078,Inactive,-2.831
Pep_114,NKYSHIKVLILLHSM,57.651,3.147,Medium,1.303,34.984,Inactive,-3.087
Pep_115,EWVPPNFLCLD,61.427,3.064,Medium,0.956,38.533,Inactive,-3.39
Pep_116,VKVKFEYWII,73.583,2.548,High,0.983,44.97,Active,-3.966
Pep_117,QMSEFAVG,57.026,3.35,Medium,1.045,33.408,Inactive,-2.958
Pep_118,LMLCDWIVCG,61.325,3.076,Medium,0.917,36.948,Inactive,-3.262
Pep_119,PSGLCALWYEMLRVTSFTRK,61.616,2.99,Medium,1.178,39.777,Inactive,-3.49
Pep_120,GAMLWHGYPQT,65.663,2.875,Medium,1.123,41.49,Inactive,-3.648
